"government","version","government_version","government_type","start_date","stop_date","stop_reason","parties_long","PM","PM_party","days_in_office","days_in_office_same_PM","days_in_office_same_parties","share_of_parliament","government_left_right","coalition_government","minority_government","ministers_avg_age","ministers_share_female","ministers_share_parliament_before","ministers_share_state_secretary_before","ministers_share_political_advisor_before","ministers_share_minister_before","ministers_share_national_politics_before"
"Sverdrup","A","Sverdrup A","Single-Party Majority",1884-06-26,1886-02-01,"Continued after election","Venstre","Sverdrup","Venstre",585,1843,1681,0.728070175438597,"Left",0,0,52.6335386721424,0,0.65,0,0,0,0.65
"Sverdrup","B","Sverdrup B","Single-Party Majority",1886-02-01,1889-02-01,"Election loss","Venstre","Sverdrup","Venstre",1096,1843,1681,0.736842105263158,"Left",0,0,49.2040676640266,0,0.428571428571429,0,0,0.261904761904762,0.666666666666667
"Sverdrup","C","Sverdrup C","Multi-Party Majority",1889-02-01,1889-07-13,"No confidence","Venstre,Moderate Venstre","Sverdrup","Venstre",162,1843,162,0.535087719298246,"Left",1,0,50.7524526579968,0,0.466666666666667,0,0,0.4,0.8
"Stang I",NA,"Stang I","Single-Party Minority",1889-07-13,1891-03-06,"No confidence","Høyre","Stang ","Høyre",601,601,601,0.464912280701754,"Right",0,1,51.9958019621264,0,0.6,0,0,0,0.6
"Steen I","A","Steen I A","Single-Party Minority",1891-03-06,1892-02-01,"Continued after election","Venstre","Steen ","Venstre",332,788,788,0.324561403508772,"Left",0,1,50.507871321013,0,0.833333333333333,0,0,0,0.833333333333333
"Steen I","B","Steen I B","Single-Party Majority",1892-02-01,1893-05-02,"No confidence/Conflict with the King","Venstre","Steen ","Venstre",456,788,788,0.552631578947368,"Left",0,0,51.016746520648,0,0.933333333333333,0,0,0.0666666666666667,0.933333333333333
"Stang II","A","Stang II A","Single-Party Minority",1893-05-02,1895-02-01,"Continued after election","Høyre","Stang ","Høyre",640,895,895,0.307017543859649,"Right",0,1,51.6851471594798,0,0.647058823529412,0,0,0.411764705882353,0.705882352941177
"Stang II","B","Stang II B","Single-Party Minority",1895-02-01,1895-10-14,"No confidence/Conflict with the King","Høyre","Stang ","Høyre",255,895,895,0.289473684210526,"Right",0,1,53.7094455852156,0,0.6875,0,0,0.4375,0.75
"Hagerup I","A","Hagerup I","Multi-Party Minority",1895-10-14,1898-02-17,"Election loss","Høyre,Moderate Venstre","Hagerup ","Høyre",857,857,857,0.394736842105263,"Right",1,1,44.1159023499886,0,0.333333333333333,0,0,0.380952380952381,0.523809523809524
"Steen II","A","Steen II A","Single-Party Majority",1898-02-17,1900-10-11,"Continued after election","Venstre","Steen ","Venstre",966,1523,2072,0.692982456140351,"Left",0,0,56.9114662381335,0,0.782608695652174,0,0,0.782608695652174,0.91304347826087
"Steen II","B","Steen II B","Single-Party Majority",1900-10-11,1902-04-21,"Prime Minister's retirement","Venstre","Steen ","Venstre",557,1523,2072,0.649122807017544,"Left",0,0,55.5105010987428,0,0.789473684210526,0,0,0.684210526315789,0.842105263157895
"Blehr I","A","Blehr I","Single-Party Majority",1902-04-21,1903-10-22,"Election loss","Venstre","Blehr ","Venstre",549,549,2072,0.649122807017544,"Left",0,0,52.562268093231,0,0.842105263157895,0,0,0.684210526315789,0.842105263157895
"Hagerup II",NA,"Hagerup II","Multi-Party Majority",1903-10-22,1905-03-11,"Coalition dissent","Høyre,Moderate Venstre,Samlingspartiet","Hagerup ","Høyre",506,506,506,0.52991452991453,"Right",1,0,47.8603696098563,0,0.705882352941177,0,0,0.294117647058824,0.705882352941177
"Michelsen","A","Michelsen A","Multi-Party Majority",1905-03-11,1906-10-11,"Continued after election","Samlingspartiet,Venstre,Høyre,Moderate Venstre","Michelsen","Høyre",579,961,579,0.965811965811966,"Right",1,0,53.9263756212243,0,0.956521739130435,0,0,0.478260869565217,0.956521739130435
"Michelsen","B","Michelsen B","Multi-Party Majority",1906-10-11,1907-10-28,"Prime Minister's retirement","Samlingspartiet,Venstre,Høyre","Michelsen","Høyre",382,961,382,0.879032258064516,"Right",1,0,53.9389687428702,0,0.875,0,0,0.291666666666667,0.875
"Løvland",NA,"Løvland","Multi-Party Majority",1907-10-28,1908-03-19,"No confidence","Venstre,Samlingspartiet,Høyre","Løvland","Venstre",143,143,143,0.879032258064516,"Left",1,0,54.8180698151951,0,0.8,0,0,0.3,0.8
"Knudsen I","A","Knudsen I","Single-Party Minority",1908-03-19,1910-02-02,"Election loss","Venstre","Knudsen ","Venstre",685,685,685,0.390243902439024,"Left",0,1,56.995795443434,0,0.714285714285714,0,0,0.285714285714286,0.785714285714286
"Konow",NA,"Konow","Multi-Party Majority",1910-02-02,1912-02-20,"Coalition dissent","Frisindede Venstre,Høyre","Konow","Høyre",748,748,748,0.520325203252033,"Right",1,0,56.0080029484547,0,0.615384615384615,0,0,0.153846153846154,0.615384615384615
"Bratlie","A","Bratlie","Multi-Party Majority",1912-02-20,1913-01-31,"Election loss","Høyre,Frisindede Venstre","Bratlie","Høyre",346,346,346,0.520325203252033,"Right",1,0,55.0424989110821,0,0.818181818181818,0,0,0.0909090909090909,0.818181818181818
"Knudsen II","A","Knudsen II A","Single-Party Majority",1913-01-31,1916-01-11,"Continued after election","Venstre","Knudsen ","Venstre",1075,2698,2698,0.617886178861789,"Left",0,0,57.480629705681,0,0.733333333333333,0,0,0.6,0.733333333333333
"Knudsen II","B","Knudsen II B","Single-Party Majority",1916-01-11,1919-01-11,"Continued after election","Venstre","Knudsen ","Venstre",1096,2698,2698,0.666666666666667,"Left",0,0,57.7380137544409,0,0.761904761904762,0,0,0.428571428571429,0.761904761904762
"Knudsen II","C","Knudsen II C","Single-Party Minority",1919-01-11,1920-06-21,"No confidence","Venstre","Knudsen ","Venstre",527,2698,2698,0.428571428571429,"Left",0,1,57.2746064339493,0,0.7,0,0,0.35,0.7
"Halvorsen I",NA,"Halvorsen I","Multi-Party Minority",1920-06-21,1921-06-22,"No confidence","Høyre,Frisindede Venstre","Halvorsen ","Høyre",366,366,366,0.396825396825397,"Right",1,1,54.4673013502582,0,1,0,0,0.0909090909090909,1
"Blehr II","A","Blehr II A","Single-Party Minority",1921-06-22,1922-01-11,"Continued after election","Venstre","Blehr ","Venstre",203,622,622,0.404761904761905,"Left",0,1,56.39214447428,0,0.769230769230769,0,0,0.615384615384615,0.846153846153846
"Blehr II","B","Blehr II B","Single-Party Minority",1922-01-11,1923-03-06,"No confidence","Venstre","Blehr ","Venstre",419,622,622,0.246666666666667,"Left",0,1,54.2913985854438,0,0.733333333333333,0,0,0.4,0.8
"Halvorsen II",NA,"Halvorsen II","Multi-Party Minority",1923-03-06,1923-05-30,"Prime Minister's death","Høyre,Frisindede Venstre","Halvorsen ","Høyre",85,85,507,0.38,"Right",1,1,57.4225416381474,0,1,0,0,0.833333333333333,1
"Berge",NA,"Berge","Multi-Party Minority",1923-05-30,1924-07-25,"No confidence","Høyre,Frisindede Venstre","Berge","Høyre",422,422,507,0.38,"Right",1,1,60.1324124198868,0,1,0,0,0.545454545454545,1
"Mowinckel I","A","Mowinckel I A","Single-Party Minority",1924-07-25,1925-01-12,"Continued after election","Venstre","Mowinckel ","Venstre",171,588,588,0.246666666666667,"Left",0,1,54.6709255456689,0,0.888888888888889,0,0,0.666666666666667,1
"Mowinckel I","B","Mowinckel I B","Single-Party Minority",1925-01-12,1926-03-05,"No confidence","Venstre","Mowinckel ","Venstre",417,588,588,0.226666666666667,"Left",0,1,55.1390980302685,0,0.888888888888889,0,0,0.666666666666667,1
"Lykke","A","Lykke","Multi-Party Minority",1926-03-05,1928-01-28,"Election loss","Høyre,Frisindede Venstre","Lykke","Høyre",694,694,694,0.36,"Right",1,1,55.4561454972133,0,0.642857142857143,0,0,0.214285714285714,0.642857142857143
"Hornsrud",NA,"Hornsrud","Single-Party Minority",1928-01-28,1928-02-15,"No confidence","Arbeiderpartiet","Hornsrud","Arbeiderpartiet",18,18,18,0.393333333333333,"Left",0,1,51.5701574264203,0,0.8,0,0,0,0.8
"Mowinckel II","A","Mowinckel II A","Single-Party Minority",1928-02-15,1931-01-12,"Continued after election","Venstre","Mowinckel ","Venstre",1062,1182,1182,0.2,"Left",0,1,54.119370294319,0,0.6,0,0,0.3,0.6
"Mowinckel II","B","Mowinckel II B","Single-Party Minority",1931-01-12,1931-05-12,"No confidence","Venstre","Mowinckel ","Venstre",120,1182,1182,0.22,"Left",0,1,56.0270743022283,0,0.666666666666667,0,0,0.333333333333333,0.666666666666667
"Kolstad",NA,"Kolstad","Single-Party Minority",1931-05-12,1932-03-14,"Prime Minister's death","Senterpartiet","Kolstad","Senterpartiet",307,307,661,0.166666666666667,"Right",0,1,51.0429500342231,0,0.625,0,0,0,0.625
"Hundseid",NA,"Hundseid","Single-Party Minority",1932-03-14,1933-03-03,"No confidence","Senterpartiet","Hundseid","Senterpartiet",354,354,661,0.166666666666667,"Right",0,1,50.695961670089,0,0.7,0,0,0,0.7
"Mowinckel III","A","Mowinckel III A","Single-Party Minority",1933-03-03,1934-01-11,"Continued after election","Venstre","Mowinckel ","Venstre",314,747,747,0.22,"Left",0,1,55.6654346338125,0,0.6,0,0,0.6,0.8
"Mowinckel III","B","Mowinckel III B","Single-Party Minority",1934-01-11,1935-03-20,"No confidence","Venstre","Mowinckel ","Venstre",433,747,747,0.16,"Left",0,1,55.8250513347023,0,0.5,0,0,0.6,0.7
"Nygaardsvold","A","Nygaardsvold A","Single-Party Minority",1935-03-20,1937-01-11,"Continued after election","Arbeiderpartiet","Nygaardsvold","Arbeiderpartiet",663,3750,1906,0.46,"Left",0,1,49.5676151364036,0,0.5,0,0,0.357142857142857,0.571428571428571
"Nygaardsvold","B","Nygaardsvold B","Single-Party Minority",1937-01-11,1940-06-07,"German occupation","Arbeiderpartiet","Nygaardsvold","Arbeiderpartiet",1243,3750,1906,0.466666666666667,"Left",0,1,50.5713396801693,0,0.636363636363636,0,0,0.409090909090909,0.681818181818182
"Nygaardsvold","C","Nygaardsvold C","Multi-Party Majority",1940-06-07,1945-06-25,"Prime Minister's retirement","Arbeiderpartiet","Nygaardsvold","Arbeiderpartiet",1844,3750,1977,0.98,"Left",1,0,53.3039698836413,0,0.5,0,0,0.3,0.575
"Gerhardsen I","A","Gerhardsen I A","Multi-Party Majority",1945-06-25,1945-11-05,"Election loss","Arbeiderpartiet","Gerhardsen ","Arbeiderpartiet",133,2338,1977,0.98,"Left",1,0,49.4780743782797,0.0666666666666667,0.133333333333333,0,0,0.133333333333333,0.2
"Gerhardsen I","B","Gerhardsen I B","Single-Party Majority",1945-11-05,1950-01-11,"Continued after election","Arbeiderpartiet","Gerhardsen ","Arbeiderpartiet",1528,2338,6505,0.506666666666667,"Left",0,0,47.2829021218344,0.12,0.4,0.04,0,0.04,0.44
"Gerhardsen I","C","Gerhardsen I C","Single-Party Majority",1950-01-11,1951-11-19,"Prime Minister's retirement","Arbeiderpartiet","Gerhardsen ","Arbeiderpartiet",677,2338,6505,0.566666666666667,"Left",0,0,51.1512662559891,0.0625,0.5625,0.125,0.0625,0,0.625
"Torp","A","Torp A","Single-Party Majority",1951-11-19,1954-01-11,"Continued after election","Arbeiderpartiet","Torp","Arbeiderpartiet",784,1160,6505,0.566666666666667,"Left",0,0,50.1660310941625,0.0952380952380953,0.523809523809524,0.19047619047619,0,0.0952380952380952,0.666666666666667
"Torp","B","Torp B","Single-Party Majority",1954-01-11,1955-01-22,"Prime Minister's retirement","Arbeiderpartiet","Torp","Arbeiderpartiet",376,1160,6505,0.513333333333333,"Left",0,0,52.3208116922334,0.0588235294117647,0.647058823529412,0.176470588235294,0,0.176470588235294,0.764705882352941
"Gerhardsen II","A","Gerhardsen II A","Single-Party Majority",1955-01-22,1958-01-11,"Continued after election","Arbeiderpartiet","Gerhardsen ","Arbeiderpartiet",1085,3140,6505,0.513333333333333,"Left",0,0,50.7231185424204,0.142857142857143,0.523809523809524,0.142857142857143,0,0.19047619047619,0.666666666666667
"Gerhardsen II","B","Gerhardsen II B","Single-Party Majority",1958-01-11,1961-10-02,"Continued after election","Arbeiderpartiet","Gerhardsen ","Arbeiderpartiet",1360,3140,6505,0.52,"Left",0,0,49.9852840520192,0.0416666666666667,0.375,0.125,0,0.125,0.5
"Gerhardsen II","C","Gerhardsen II C","Single-Party Minority",1961-10-02,1963-08-28,"No confidence","Arbeiderpartiet","Gerhardsen ","Arbeiderpartiet",695,3140,6505,0.493333333333333,"Left",0,1,50.3159836919323,0.0869565217391304,0.478260869565217,0.173913043478261,0,0.217391304347826,0.695652173913043
"Lyng",NA,"Lyng","Multi-Party Minority",1963-08-28,1963-09-25,"No confidence","Høyre, Senterpartiet,Kristelig Folkeparti,Venstre","Lyng","Høyre",28,28,28,0.493333333333333,"Right",1,1,53.0538900296601,0.0666666666666667,0.8,0,0,0,0.8
"Gerhardsen III","A","Gerhardsen III","Single-Party Minority",1963-09-25,1965-10-12,"Election loss","Arbeiderpartiet","Gerhardsen ","Arbeiderpartiet",748,748,748,0.493333333333333,"Left",0,1,52.3092330415361,0.0526315789473684,0.526315789473684,0.263157894736842,0,0.736842105263158,0.894736842105263
"Borten","A","Borten A","Multi-Party Majority",1965-10-12,1969-10-01,"Continued after election","Senterpartiet,Høyre,Kristelig Folkeparti,Venstre","Borten","Senterpartiet",1450,1982,1982,0.533333333333333,"Right",1,0,50.4255747473527,0.117647058823529,0.823529411764706,0,0,0.411764705882353,0.823529411764706
"Borten","B","Borten B","Multi-Party Majority",1969-10-01,1971-03-17,"Coalition dissent","Senterpartiet,Høyre,Kristelig Folkeparti,Venstre","Borten","Senterpartiet",532,1982,1982,0.506666666666667,"Right",1,0,53.5103810175679,0.0952380952380953,0.80952380952381,0,0,0.333333333333333,0.80952380952381
"Bratteli I",NA,"Bratteli I","Single-Party Minority",1971-03-17,1972-10-18,"Defeat in referendum","Arbeiderpartiet","Bratteli ","Arbeiderpartiet",581,581,581,0.493333333333333,"Left",0,1,50.3630534241147,0.105263157894737,0.789473684210526,0.157894736842105,0,0.263157894736842,0.789473684210526
"Korvald","A","Korvald","Multi-Party Minority",1972-10-18,1973-10-16,"Election loss","Kristelig Folkeparti, Senterpartiet,Venstre","Korvald","Kristelig Folkeparti",363,363,363,0.26,"Right",1,1,54.4832306639288,0.1875,0.75,0.125,0,0.25,0.875
"Bratteli II",NA,"Bratteli II","Single-Party Minority",1973-10-16,1976-01-15,"Prime Minister's retirement","Arbeiderpartiet","Bratteli ","Arbeiderpartiet",821,821,2920,0.4,"Left",0,1,49.3894592744695,0.2,0.65,0.25,0.05,0.3,0.8
"Nordli","A","Nordli A","Single-Party Minority",1976-01-15,1977-10-01,"Continued after election","Arbeiderpartiet","Nordli","Arbeiderpartiet",625,1847,2920,0.4,"Left",0,1,50.4122176591376,0.25,0.5625,0.1875,0.1875,0.3125,0.8125
"Nordli","B","Nordli B","Single-Party Minority",1977-10-01,1981-02-04,"Prime Minister's retirement","Arbeiderpartiet","Nordli","Arbeiderpartiet",1222,1847,2920,0.490322580645161,"Left",0,1,50.2762187238573,0.222222222222222,0.611111111111111,0.166666666666667,0.138888888888889,0.305555555555556,0.805555555555556
"Brundtland I","A","Brundtland I","Single-Party Minority",1981-02-04,1981-10-14,"Election loss","Arbeiderpartiet","Brundtland ","Arbeiderpartiet",252,252,2920,0.490322580645161,"Left",0,1,49.2117405483754,0.235294117647059,0.588235294117647,0.352941176470588,0.294117647058824,0.117647058823529,0.882352941176471
"Willoch","A","Willoch A","Single-Party Minority",1981-10-14,1983-06-08,"Coalition expansion","Høyre","Willoch","Høyre",602,1668,602,0.341935483870968,"Right",0,1,48.6178416609628,0.222222222222222,0.833333333333333,0,0,0.111111111111111,0.833333333333333
"Willoch","B","Willoch B","Multi-Party Majority",1983-06-08,1985-10-01,"Continued after election","Høyre,Kristelig Folkeparti, Senterpartiet","Willoch","Høyre",846,1668,1066,0.509677419354839,"Right",1,0,51.0327173169062,0.25,0.85,0.15,0.1,0.1,0.85
"Willoch","C","Willoch C","Multi-Party Minority",1985-10-01,1986-05-09,"No confidence","Høyre,Kristelig Folkeparti, Senterpartiet","Willoch","Høyre",220,1668,1066,0.496815286624204,"Right",1,1,50.3087748117728,0.24,0.88,0.24,0.12,0.16,0.92
"Brundtland II","A","Brundtland II","Single-Party Minority",1986-05-09,1989-10-16,"Election loss","Arbeiderpartiet","Brundtland ","Arbeiderpartiet",1256,1256,1256,0.452229299363057,"Left",0,1,48.3865258629119,0.428571428571429,0.642857142857143,0.214285714285714,0.178571428571429,0.214285714285714,0.785714285714286
"Syse",NA,"Syse","Multi-Party Minority",1989-10-16,1990-11-03,"Coalition dissent","Høyre,Kristelig Folkeparti, Senterpartiet","Syse","Høyre",383,383,383,0.375757575757576,"Right",1,1,48.9979466119097,0.458333333333333,0.666666666666667,0.208333333333333,0.208333333333333,0.375,0.791666666666667
"Brundtland III","A","Brundtland III A","Single-Party Minority",1990-11-03,1993-10-01,"Continued after election","Arbeiderpartiet","Brundtland ","Arbeiderpartiet",1063,2183,2540,0.381818181818182,"Left",0,1,47.8676168619398,0.441176470588235,0.441176470588235,0.294117647058824,0.147058823529412,0.441176470588235,0.764705882352941
"Brundtland III","B","Brundtland III B","Single-Party Minority",1993-10-01,1996-10-25,"Prime Minister's retirement","Arbeiderpartiet","Brundtland ","Arbeiderpartiet",1120,2183,2540,0.406060606060606,"Left",0,1,48.7855603721449,0.407407407407407,0.555555555555556,0.222222222222222,0.037037037037037,0.296296296296296,0.740740740740741
"Jagland","A","Jagland","Single-Party Minority",1996-10-25,1997-10-17,"Election loss","Arbeiderpartiet","Jagland","Arbeiderpartiet",357,357,2540,0.406060606060606,"Left",0,1,47.4699898510704,0.482758620689655,0.689655172413793,0.206896551724138,0.103448275862069,0.0689655172413793,0.793103448275862
"Bondevik I",NA,"Bondevik I","Multi-Party Minority",1997-10-17,2000-03-17,"No confidence","Kristelig Folkeparti, Senterpartiet,Venstre","Bondevik ","Kristelig Folkeparti",882,882,882,0.248484848484848,"Right",1,1,48.619792773018,0.482758620689655,0.724137931034483,0.206896551724138,0.241379310344828,0.0344827586206897,0.896551724137931
"Stoltenberg I","A","Stoltenberg I","Single-Party Minority",2000-03-17,2001-10-19,"Election loss","Arbeiderpartiet","Stoltenberg ","Arbeiderpartiet",581,581,581,0.393939393939394,"Left",0,1,44.2598076299578,0.421052631578947,0.631578947368421,0.263157894736842,0.157894736842105,0.368421052631579,0.842105263157895
"Bondevik II","A","Bondevik II","Multi-Party Minority",2001-10-19,2005-10-17,"Election loss","Kristelig Folkeparti,Høyre,Venstre","Bondevik ","Kristelig Folkeparti",1459,1459,1459,0.375757575757576,"Right",1,1,46.2521726505299,0.363636363636364,0.696969696969697,0.363636363636364,0.272727272727273,0.424242424242424,0.96969696969697
"Stoltenberg II","A","Stoltenberg II A","Multi-Party Majority",2005-10-17,2009-10-01,"Continued after election","Arbeiderpartiet, Senterpartiet,Sosialistisk Venstreparti","Stoltenberg ","Arbeiderpartiet",1445,2921,2921,0.514792899408284,"Left",1,0,45.5864234810968,0.441176470588235,0.852941176470588,0.205882352941176,0.264705882352941,0.441176470588235,0.941176470588235
"Stoltenberg II","B","Stoltenberg II B","Multi-Party Majority",2009-10-01,2013-10-16,"Election loss","Arbeiderpartiet, Senterpartiet,Sosialistisk Venstreparti","Stoltenberg ","Arbeiderpartiet",1476,2921,2921,0.50887573964497,"Left",1,0,47.825514663297,0.557692307692308,0.884615384615385,0.230769230769231,0.173076923076923,0.307692307692308,0.980769230769231
"Solberg","A","Solberg A","Multi-Party Minority",2013-10-16,2017-10-02,"Continued after election","Høyre,Fremskrittspartiet","Solberg","Høyre",1447,2920,1554,0.455621301775148,"Right",1,1,44.1228714247195,0.515151515151515,0.909090909090909,0.272727272727273,0.121212121212121,0.151515151515152,1
"Solberg","B","Solberg B","Multi-Party Minority",2017-10-02,2018-01-17,"Coalition expansion","Høyre,Fremskrittspartiet","Solberg","Høyre",107,2920,1554,0.42603550295858,"Right",1,1,46.4902538463828,0.434782608695652,0.91304347826087,0.173913043478261,0.0869565217391304,0.173913043478261,1
"Solberg","C","Solberg C","Multi-Party Minority",2018-01-17,2019-01-22,"Coalition expansion","Høyre,Fremskrittspartiet,Venstre","Solberg","Høyre",370,2920,370,0.473372781065089,"Right",1,1,47.3903016900964,0.384615384615385,0.961538461538462,0.153846153846154,0.0384615384615385,0.115384615384615,1
"Solberg","D","Solberg D","Multi-Party Majority",2019-01-22,2020-01-24,"Coalition dissent","Høyre,Fremskrittspartiet,Venstre,Kristelig Folkeparti","Solberg","Høyre",367,2920,367,0.520710059171598,"Right",1,0,47.3784100909358,0.428571428571429,0.928571428571429,0.178571428571429,0.0357142857142857,0.178571428571429,1
"Solberg","E","Solberg E","Multi-Party Minority",2020-01-24,2021-10-14,"Election loss","Høyre,Venstre,Kristelig Folkeparti","Solberg","Høyre",629,2920,629,0.36094674556213,"Right",1,1,44.8831524396206,0.392857142857143,0.964285714285714,0.142857142857143,0.0357142857142857,0.321428571428571,0.964285714285714
"Støre","A","Støre A","Multi-Party Minority",2021-10-14,2025-02-04,"Coalition dissent","Arbeiderpartiet, Senterpartiet","Støre","Arbeiderpartiet",1209,1796,1209,0.449704142011834,"Left",1,1,44.930602160231,0.48780487804878,0.804878048780488,0.292682926829268,0.219512195121951,0.219512195121951,0.975609756097561
"Støre","B","Støre B","Single-Party Minority",2025-02-04,2025-09-08,"Continued after election","Arbeiderpartiet","Støre","Arbeiderpartiet",216,1796,NA,0.284023668639053,"Left",0,1,47.8440793976728,0.5,0.7,0.45,0.35,0.25,0.95
"Støre","C","Støre C","Single-Party Minority",2025-09-08,2026-09-14,NA,"Arbeiderpartiet","Støre","Arbeiderpartiet",371,1796,NA,0.313609467455621,"Left",0,1,48.7623861422629,0.538461538461539,0.692307692307692,0.5,0.307692307692308,0.230769230769231,0.961538461538462
